customer_id,customer_name,order_id,order_Date,product_id,product_name
1,Stefanie Alexander,39,2014-05-30 19:53:10.870,330,Tupdudexan
1,Stefanie Alexander,39,2014-05-30 19:53:10.870,162,Winzapican
1,Stefanie Alexander,39,2014-05-30 19:53:10.870,609,Emwerpimentor
1,Stefanie Alexander,39,2014-05-30 19:53:10.870,768,Zeetumimentor
1,Stefanie Alexander,39,2014-05-30 19:53:10.870,724,Zeeglibex
1,Stefanie Alexander,39,2014-05-30 19:53:10.870,892,Frojubedgan
1,Stefanie Alexander,39,2014-05-30 19:53:10.870,605,Zeetumedex
1,Stefanie Alexander,39,2014-05-30 19:53:10.870,217,Dopsapentor
1,Stefanie Alexander,39,2014-05-30 19:53:10.870,466,Supquestower
1,Stefanie Alexander,39,2014-05-30 19:53:10.870,581,Admunower
1,Stefanie Alexander,39,2014-05-30 19:53:10.870,595,Upjubicator
9,Bobbie Dalton,8,2014-05-27 03:19:23.150,1,Inquestamazz
9,Bobbie Dalton,8,2014-05-27 03:19:23.150,833,Cipbanan
9,Bobbie Dalton,8,2014-05-27 03:19:23.150,811,Monsapepentor
9,Bobbie Dalton,8,2014-05-27 03:19:23.150,509,Tiptumexar
9,Bobbie Dalton,8,2014-05-27 03:19:23.150,285,Upwerpazz
9,Bobbie Dalton,8,2014-05-27 03:19:23.150,38,Advenar
9,Bobbie Dalton,77,2014-05-08 01:05:14.160,599,Supfropamar
9,Bobbie Dalton,77,2014-05-08 01:05:14.160,784,Partanollover
9,Bobbie Dalton,77,2014-05-08 01:05:14.160,583,Thrutinepover
9,Bobbie Dalton,77,2014-05-08 01:05:14.160,965,Qwitinover
9,Bobbie Dalton,77,2014-05-08 01:05:14.160,342,Parquestefin
9,Bobbie Dalton,77,2014-05-08 01:05:14.160,371,Wintananantor
9,Bobbie Dalton,77,2014-05-08 01:05:14.160,767,Reglibazz
9,Bobbie Dalton,77,2014-05-08 01:05:14.160,837,Emhupexar
9,Bobbie Dalton,77,2014-05-08 01:05:14.160,331,Surmunower
9,Bobbie Dalton,77,2014-05-08 01:05:14.160,650,Doptanicator
9,Bobbie Dalton,77,2014-05-08 01:05:14.160,513,Dopbanadower
9,Bobbie Dalton,77,2014-05-08 01:05:14.160,71,Truvenower
9,Bobbie Dalton,77,2014-05-08 01:05:14.160,87,Klifropimower
9,Bobbie Dalton,77,2014-05-08 01:05:14.160,641,Bartuminan
9,Bobbie Dalton,77,2014-05-08 01:05:14.160,786,Upzapex
9,Bobbie Dalton,77,2014-05-08 01:05:14.160,606,Qwizapin
9,Bobbie Dalton,8,2014-05-27 03:19:23.150,525,Qwivenantor
9,Bobbie Dalton,8,2014-05-27 03:19:23.150,432,Trujubommor
9,Bobbie Dalton,8,2014-05-27 03:19:23.150,67,Trusipupax
9,Bobbie Dalton,8,2014-05-27 03:19:23.150,206,Kliwerpopar
9,Bobbie Dalton,8,2014-05-27 03:19:23.150,402,Upwerpewax
9,Bobbie Dalton,8,2014-05-27 03:19:23.150,236,Upfropantor
9,Bobbie Dalton,8,2014-05-27 03:19:23.150,857,Barkilentor
9,Bobbie Dalton,8,2014-05-27 03:19:23.150,95,Raphupover
18,Tammie Hurley,7,2014-05-19 10:10:18.880,149,Empebinor
18,Tammie Hurley,7,2014-05-19 10:10:18.880,719,Qwidimower
18,Tammie Hurley,7,2014-05-19 10:10:18.880,460,Endericin
18,Tammie Hurley,7,2014-05-19 10:10:18.880,444,Monmunex
18,Tammie Hurley,7,2014-05-19 10:10:18.880,957,Tipkilin
18,Tammie Hurley,7,2014-05-19 10:10:18.880,395,Uptinar
18,Tammie Hurley,7,2014-05-19 10:10:18.880,764,Rapjubentor
18,Tammie Hurley,7,2014-05-19 10:10:18.880,756,Surpickar
19,Cesar Peterson,62,2014-05-12 13:25:37.660,418,Reglibedan
19,Cesar Peterson,62,2014-05-12 13:25:37.660,568,Kliweristor
19,Cesar Peterson,62,2014-05-12 13:25:37.660,26,Thrukiledistor
19,Cesar Peterson,62,2014-05-12 13:25:37.660,215,Rapsipollan
19,Cesar Peterson,62,2014-05-12 13:25:37.660,738,Parhupommantor
19,Cesar Peterson,62,2014-05-12 13:25:37.660,527,Happebimax
19,Cesar Peterson,62,2014-05-12 13:25:37.660,191,Winkilover
19,Cesar Peterson,62,2014-05-12 13:25:37.660,112,Requestopazz
19,Cesar Peterson,62,2014-05-12 13:25:37.660,891,Haphupex
19,Cesar Peterson,62,2014-05-12 13:25:37.660,425,Cipdimefor
19,Cesar Peterson,62,2014-05-12 13:25:37.660,1000,Frobanepover
19,Cesar Peterson,62,2014-05-12 13:25:37.660,894,Surtumiman
39,Clifton Howe,91,2014-05-04 15:14:40.940,539,Barkilover
39,Clifton Howe,91,2014-05-04 15:14:40.940,101,Zeenipar
39,Clifton Howe,91,2014-05-04 15:14:40.940,819,Unmunan
39,Clifton Howe,91,2014-05-04 15:14:40.940,571,Tiptumax
39,Clifton Howe,91,2014-05-04 15:14:40.940,297,Indimex
39,Clifton Howe,91,2014-05-04 15:14:40.940,340,Parkilover
39,Clifton Howe,91,2014-05-04 15:14:40.940,419,Zeeeristor
39,Clifton Howe,91,2014-05-04 15:14:40.940,658,Grohupor
39,Clifton Howe,91,2014-05-04 15:14:40.940,10,Winkilaquax
39,Clifton Howe,91,2014-05-04 15:14:40.940,164,Untinackex
45,Miriam Fry,57,2014-05-17 23:41:28.270,369,Barnipower
45,Miriam Fry,57,2014-05-17 23:41:28.270,439,Grotumex
45,Miriam Fry,57,2014-05-17 23:41:28.270,477,Montinimantor
45,Miriam Fry,57,2014-05-17 23:41:28.270,12,Suppebentor
45,Miriam Fry,57,2014-05-17 23:41:28.270,587,Lomnipedor
45,Miriam Fry,57,2014-05-17 23:41:28.270,678,Wincadin
56,Nakia Herrera,35,2014-05-08 01:16:24.860,262,Rapbanegentor
56,Nakia Herrera,35,2014-05-08 01:16:24.860,190,Froeradin
56,Nakia Herrera,35,2014-05-08 01:16:24.860,42,Insapar
56,Nakia Herrera,35,2014-05-08 01:16:24.860,753,Adwerpex
56,Nakia Herrera,35,2014-05-08 01:16:24.860,579,Adquestamazz
56,Nakia Herrera,35,2014-05-08 01:16:24.860,604,Hapwerex
67,Karl Duffy,69,2014-05-23 13:30:24.670,890,Rapwerpicator
67,Karl Duffy,69,2014-05-23 13:30:24.670,333,Thrubanantor
67,Karl Duffy,69,2014-05-23 13:30:24.670,153,Emdimonover
67,Karl Duffy,69,2014-05-23 13:30:24.670,715,Klifropimar
67,Karl Duffy,69,2014-05-23 13:30:24.670,151,Varmunamicator
67,Karl Duffy,69,2014-05-23 13:30:24.670,344,Grokilaquantor
67,Karl Duffy,69,2014-05-23 13:30:24.670,307,Barjubadistor
67,Karl Duffy,69,2014-05-23 13:30:24.670,522,Adtanegazz
74,Tamiko Lynch,46,2014-05-25 01:46:43.730,813,Parkilplicator
74,Tamiko Lynch,46,2014-05-25 01:46:43.730,77,Tuppebor
74,Tamiko Lynch,46,2014-05-25 01:46:43.730,907,Tipsapover
74,Tamiko Lynch,46,2014-05-25 01:46:43.730,825,Winquestexicator
74,Tamiko Lynch,46,2014-05-25 01:46:43.730,530,Endvenamentor
74,Tamiko Lynch,46,2014-05-25 01:46:43.730,921,Emrobor
74,Tamiko Lynch,46,2014-05-25 01:46:43.730,505,Hapzapinax
74,Tamiko Lynch,46,2014-05-25 01:46:43.730,755,Barnipistor
81,Sandra Bolton,82,2014-05-14 02:47:39.450,623,Recadantor
81,Sandra Bolton,82,2014-05-14 02:47:39.450,580,Insipicax
81,Sandra Bolton,82,2014-05-14 02:47:39.450,506,Endnipar
81,Sandra Bolton,82,2014-05-14 02:47:39.450,482,Growerax
81,Sandra Bolton,82,2014-05-14 02:47:39.450,34,Barmunedar
81,Sandra Bolton,82,2014-05-14 02:47:39.450,528,Hapnipazz
81,Sandra Bolton,82,2014-05-14 02:47:39.450,455,Parsipepex
81,Sandra Bolton,82,2014-05-14 02:47:39.450,493,Emweredgin
81,Sandra Bolton,82,2014-05-14 02:47:39.450,937,Endquestex
81,Sandra Bolton,82,2014-05-14 02:47:39.450,233,Tupnipackar
81,Sandra Bolton,82,2014-05-14 02:47:39.450,208,Supfropan
81,Sandra Bolton,82,2014-05-14 02:47:39.450,335,Hapgliban
81,Sandra Bolton,82,2014-05-14 02:47:39.450,895,Pardimazz
89,Laura Morton,43,2014-05-07 07:45:45.470,671,Endwericower
89,Laura Morton,43,2014-05-07 07:45:45.470,730,Endpickefantor
89,Laura Morton,43,2014-05-07 07:45:45.470,798,Adsapentor
89,Laura Morton,43,2014-05-07 07:45:45.470,265,Inglibantor
89,Laura Morton,43,2014-05-07 07:45:45.470,628,Ciprobilin
89,Laura Morton,43,2014-05-07 07:45:45.470,258,Adwerpor
89,Laura Morton,43,2014-05-07 07:45:45.470,495,Tiptumor
89,Laura Morton,43,2014-05-07 07:45:45.470,80,Grovenar
89,Laura Morton,43,2014-05-07 07:45:45.470,18,Surwerpin
89,Laura Morton,43,2014-05-07 07:45:45.470,502,Inwerponazz
89,Laura Morton,43,2014-05-07 07:45:45.470,326,Gronipar
89,Laura Morton,43,2014-05-07 07:45:45.470,936,Klierinentor
119,Grace Church,92,2014-05-24 21:30:33.090,41,Zeenipin
119,Grace Church,92,2014-05-24 21:30:33.090,465,Emtumover
119,Grace Church,92,2014-05-24 21:30:33.090,699,Tipjubimicator
119,Grace Church,92,2014-05-24 21:30:33.090,53,Hapglibin
119,Grace Church,92,2014-05-24 21:30:33.090,97,Intanax
119,Grace Church,92,2014-05-24 21:30:33.090,332,Surcadegex
119,Grace Church,92,2014-05-24 21:30:33.090,196,Uptumedgantor
119,Grace Church,92,2014-05-24 21:30:33.090,626,Surnipar
119,Grace Church,92,2014-05-24 21:30:33.090,570,Hapquestantor
119,Grace Church,92,2014-05-24 21:30:33.090,198,Tuptanican
119,Grace Church,92,2014-05-24 21:30:33.090,702,Adwerpicex
134,Aaron Goodwin,15,2014-05-24 18:33:45.110,52,Unwerpanex
134,Aaron Goodwin,15,2014-05-24 18:33:45.110,618,Repickicator
134,Aaron Goodwin,15,2014-05-24 18:33:45.110,952,Kliglibupistor
134,Aaron Goodwin,15,2014-05-24 18:33:45.110,577,Frotanollazz
134,Aaron Goodwin,15,2014-05-24 18:33:45.110,943,Fronipewar
134,Aaron Goodwin,15,2014-05-24 18:33:45.110,281,Tupzapegin
134,Aaron Goodwin,15,2014-05-24 18:33:45.110,964,Upjubax
134,Aaron Goodwin,15,2014-05-24 18:33:45.110,413,Cipglibamower
134,Aaron Goodwin,15,2014-05-24 18:33:45.110,202,Qwisipupex
134,Aaron Goodwin,15,2014-05-24 18:33:45.110,576,Parwerpepazz
134,Aaron Goodwin,15,2014-05-24 18:33:45.110,854,Tiptanentor
135,Bethany Foster,54,2014-05-05 20:54:07.790,868,Repebar
135,Bethany Foster,54,2014-05-05 20:54:07.790,619,NULL
135,Bethany Foster,54,2014-05-05 20:54:07.790,494,NULL
135,Bethany Foster,54,2014-05-05 20:54:07.790,386,Adkilamistor
135,Bethany Foster,54,2014-05-05 20:54:07.790,484,Tupvenegar
135,Bethany Foster,54,2014-05-05 20:54:07.790,918,Addudupentor
135,Bethany Foster,54,2014-05-05 20:54:07.790,904,Cipdudantor
135,Bethany Foster,54,2014-05-05 20:54:07.790,167,Qwitumicator
143,Jeannie Jacobs,53,2014-05-05 12:11:46.190,426,Untinex
143,Jeannie Jacobs,53,2014-05-05 12:11:46.190,238,Resapicor
143,Jeannie Jacobs,53,2014-05-05 12:11:46.190,303,Rapveninax
143,Jeannie Jacobs,53,2014-05-05 12:11:46.190,555,Varbanexex
143,Jeannie Jacobs,53,2014-05-05 12:11:46.190,746,Monvenistor
143,Jeannie Jacobs,53,2014-05-05 12:11:46.190,818,Upquestex
143,Jeannie Jacobs,53,2014-05-05 12:11:46.190,355,Happickor
147,Lisa French,29,2014-05-06 22:26:46.590,267,Endkilantor
147,Lisa French,29,2014-05-06 22:26:46.590,46,Tipglibamin
147,Lisa French,29,2014-05-06 22:26:46.590,870,Klipickan
147,Lisa French,29,2014-05-06 22:26:46.590,205,Growerpar
147,Lisa French,29,2014-05-06 22:26:46.590,450,Adhupor
147,Lisa French,29,2014-05-06 22:26:46.590,683,Adbanex
147,Lisa French,29,2014-05-06 22:26:46.590,69,Tiptanax
147,Lisa French,29,2014-05-06 22:26:46.590,843,Uptumar
155,Nicole Shannon,30,2014-05-20 19:40:43.290,729,Zeeerentor
155,Nicole Shannon,30,2014-05-20 19:40:43.290,612,Cipgliban
155,Nicole Shannon,30,2014-05-20 19:40:43.290,693,Surhupedover
155,Nicole Shannon,30,2014-05-20 19:40:43.290,225,Embanin
155,Nicole Shannon,30,2014-05-20 19:40:43.290,136,Raperar
155,Nicole Shannon,30,2014-05-20 19:40:43.290,264,Renipantor
155,Nicole Shannon,30,2014-05-20 19:40:43.290,689,Supquestover
155,Nicole Shannon,30,2014-05-20 19:40:43.290,282,Adkilegor
162,Albert Carrillo,11,2014-05-21 23:35:53.410,184,Redimentor
162,Albert Carrillo,11,2014-05-21 23:35:53.410,588,Thruvenilex
162,Albert Carrillo,11,2014-05-21 23:35:53.410,194,Adfropollistor
162,Albert Carrillo,11,2014-05-21 23:35:53.410,903,Hapkilollazz
162,Albert Carrillo,11,2014-05-21 23:35:53.410,940,Rerobicator
162,Albert Carrillo,11,2014-05-21 23:35:53.410,7,Tupsapentor
162,Albert Carrillo,11,2014-05-21 23:35:53.410,300,Rapvenamor
165,Alejandro Sosa,21,2014-05-06 19:30:08.040,272,Adtanor
165,Alejandro Sosa,21,2014-05-06 19:30:08.040,467,Froerimax
165,Alejandro Sosa,21,2014-05-06 19:30:08.040,290,Tupcadilistor
165,Alejandro Sosa,21,2014-05-06 19:30:08.040,85,Qwibanin
165,Alejandro Sosa,21,2014-05-06 19:30:08.040,346,Invenplower
165,Alejandro Sosa,21,2014-05-06 19:30:08.040,834,Hapjubefantor
165,Alejandro Sosa,21,2014-05-06 19:30:08.040,45,Emwerpollex
165,Alejandro Sosa,21,2014-05-06 19:30:08.040,288,Tupmunadar
165,Alejandro Sosa,21,2014-05-06 19:30:08.040,36,Monpebor
165,Alejandro Sosa,21,2014-05-06 19:30:08.040,209,Dopvenor
165,Alejandro Sosa,21,2014-05-06 19:30:08.040,966,Unsipex
186,Kerrie Stark,3,2014-05-17 04:14:01.820,698,Klijubazz
186,Kerrie Stark,3,2014-05-17 04:14:01.820,633,Barfropentor
186,Kerrie Stark,3,2014-05-17 04:14:01.820,863,Rapbanimazz
186,Kerrie Stark,3,2014-05-17 04:14:01.820,712,Fropickollower
186,Kerrie Stark,3,2014-05-17 04:14:01.820,529,Zeeweronantor
186,Kerrie Stark,3,2014-05-17 04:14:01.820,553,Parnipentor
186,Kerrie Stark,3,2014-05-17 04:14:01.820,988,Thruquestar
186,Kerrie Stark,3,2014-05-17 04:14:01.820,602,Zeetinefistor
186,Kerrie Stark,3,2014-05-17 04:14:01.820,512,Growerpax
186,Kerrie Stark,3,2014-05-17 04:14:01.820,152,Windimefentor
186,Kerrie Stark,3,2014-05-17 04:14:01.820,142,Trusapazz
186,Kerrie Stark,3,2014-05-17 04:14:01.820,47,Tippebazz
186,Kerrie Stark,3,2014-05-17 04:14:01.820,783,Winjubistor
192,Frances Bowman,36,2014-05-10 21:12:01.350,320,Surrobedgentor
192,Frances Bowman,36,2014-05-10 21:12:01.350,60,Tipcadedgentor
192,Frances Bowman,36,2014-05-10 21:12:01.350,654,Tupjubinax
192,Frances Bowman,36,2014-05-10 21:12:01.350,919,Upzapex
192,Frances Bowman,36,2014-05-10 21:12:01.350,21,Cipsapazz
192,Frances Bowman,36,2014-05-10 21:12:01.350,241,Enddudinover
192,Frances Bowman,36,2014-05-10 21:12:01.350,367,Unsipor
192,Frances Bowman,36,2014-05-10 21:12:01.350,401,Qwijubollantor
192,Frances Bowman,36,2014-05-10 21:12:01.350,956,Trupickazz
192,Frances Bowman,36,2014-05-10 21:12:01.350,975,Adpickimentor
198,Forrest Frye,73,2014-05-19 08:18:47.680,172,Tipsipexin
198,Forrest Frye,73,2014-05-19 08:18:47.680,179,Klitanan
198,Forrest Frye,73,2014-05-19 08:18:47.680,849,Unnipistor
198,Forrest Frye,73,2014-05-19 08:18:47.680,207,Emglibommicator
198,Forrest Frye,73,2014-05-19 08:18:47.680,429,Supquestover
198,Forrest Frye,73,2014-05-19 08:18:47.680,690,Monzapanan
198,Forrest Frye,73,2014-05-19 08:18:47.680,182,Parnipanin
199,Edith Braun,1,2014-05-04 04:27:00.330,684,Unzapadower
199,Edith Braun,1,2014-05-04 04:27:00.330,939,Montinimazz
199,Edith Braun,1,2014-05-04 04:27:00.330,629,Supglibupover
199,Edith Braun,1,2014-05-04 04:27:00.330,311,Dopsapistor
199,Edith Braun,1,2014-05-04 04:27:00.330,129,Uncadimin
199,Edith Braun,1,2014-05-04 04:27:00.330,472,Supjubazz
199,Edith Braun,1,2014-05-04 04:27:00.330,130,Frosapewentor
218,Cornelius Burton,68,2014-05-13 22:04:07.060,377,Cipdudinin
218,Cornelius Burton,68,2014-05-13 22:04:07.060,491,Zeetumplin
218,Cornelius Burton,68,2014-05-13 22:04:07.060,219,Rapbanaquentor
218,Cornelius Burton,68,2014-05-13 22:04:07.060,881,Monkilor
218,Cornelius Burton,68,2014-05-13 22:04:07.060,177,Rapjubantor
218,Cornelius Burton,68,2014-05-13 22:04:07.060,253,Raptinor
218,Cornelius Burton,68,2014-05-13 22:04:07.060,935,Superegantor
218,Cornelius Burton,68,2014-05-13 22:04:07.060,656,Parvenicator
218,Cornelius Burton,68,2014-05-13 22:04:07.060,64,Adwerpover
218,Cornelius Burton,68,2014-05-13 22:04:07.060,986,Surzapefazz
233,Bryon Dickson,22,2014-05-31 18:25:16.420,246,Unkilegex
233,Bryon Dickson,22,2014-05-31 18:25:16.420,170,Aderedantor
233,Bryon Dickson,22,2014-05-31 18:25:16.420,765,Surnipower
233,Bryon Dickson,22,2014-05-31 18:25:16.420,210,Cipweran
233,Bryon Dickson,22,2014-05-31 18:25:16.420,736,Inpickplor
233,Bryon Dickson,22,2014-05-31 18:25:16.420,769,Adpickplar
233,Bryon Dickson,22,2014-05-31 18:25:16.420,900,Monpebover
233,Bryon Dickson,22,2014-05-31 18:25:16.420,431,Endpebazz
233,Bryon Dickson,22,2014-05-31 18:25:16.420,30,Tupcadamex
234,Alfred Harrington,74,2014-05-06 06:45:38.250,972,Upjubistor
234,Alfred Harrington,74,2014-05-06 06:45:38.250,549,Dopnipover
234,Alfred Harrington,74,2014-05-06 06:45:38.250,750,Untumplin
234,Alfred Harrington,74,2014-05-06 06:45:38.250,646,Winweror
234,Alfred Harrington,74,2014-05-06 06:45:38.250,823,NULL
234,Alfred Harrington,74,2014-05-06 06:45:38.250,856,Emdimax
235,Kim Mcintosh,30,2014-05-20 19:40:43.290,136,Raperar
235,Kim Mcintosh,30,2014-05-20 19:40:43.290,264,Renipantor
235,Kim Mcintosh,30,2014-05-20 19:40:43.290,689,Supquestover
235,Kim Mcintosh,30,2014-05-20 19:40:43.290,282,Adkilegor
235,Kim Mcintosh,30,2014-05-20 19:40:43.290,729,Zeeerentor
235,Kim Mcintosh,30,2014-05-20 19:40:43.290,612,Cipgliban
235,Kim Mcintosh,30,2014-05-20 19:40:43.290,693,Surhupedover
235,Kim Mcintosh,30,2014-05-20 19:40:43.290,225,Embanin
236,Ramiro O'Connor,9,2014-05-27 04:35:03.430,306,Surrobin
236,Ramiro O'Connor,9,2014-05-27 04:35:03.430,350,Injubanicator
236,Ramiro O'Connor,9,2014-05-27 04:35:03.430,945,Frovenex
236,Ramiro O'Connor,9,2014-05-27 04:35:03.430,924,Tuptanistor
236,Ramiro O'Connor,9,2014-05-27 04:35:03.430,632,Addudistor
236,Ramiro O'Connor,9,2014-05-27 04:35:03.430,20,Parwerar
236,Ramiro O'Connor,9,2014-05-27 04:35:03.430,827,Inpebor
236,Ramiro O'Connor,9,2014-05-27 04:35:03.430,115,Emkiledicator
236,Ramiro O'Connor,9,2014-05-27 04:35:03.430,155,Zeebanicator
236,Ramiro O'Connor,9,2014-05-27 04:35:03.430,58,Thrutinaquower
236,Ramiro O'Connor,9,2014-05-27 04:35:03.430,534,Frovenewentor
237,Preston Berg,92,2014-05-24 21:30:33.090,626,Surnipar
237,Preston Berg,92,2014-05-24 21:30:33.090,570,Hapquestantor
237,Preston Berg,92,2014-05-24 21:30:33.090,198,Tuptanican
237,Preston Berg,92,2014-05-24 21:30:33.090,702,Adwerpicex
237,Preston Berg,92,2014-05-24 21:30:33.090,465,Emtumover
237,Preston Berg,92,2014-05-24 21:30:33.090,699,Tipjubimicator
237,Preston Berg,92,2014-05-24 21:30:33.090,53,Hapglibin
237,Preston Berg,92,2014-05-24 21:30:33.090,97,Intanax
237,Preston Berg,92,2014-05-24 21:30:33.090,332,Surcadegex
237,Preston Berg,92,2014-05-24 21:30:33.090,196,Uptumedgantor
237,Preston Berg,92,2014-05-24 21:30:33.090,41,Zeenipin
241,Hugh Odom,92,2014-05-24 21:30:33.090,570,Hapquestantor
241,Hugh Odom,92,2014-05-24 21:30:33.090,198,Tuptanican
241,Hugh Odom,92,2014-05-24 21:30:33.090,702,Adwerpicex
241,Hugh Odom,92,2014-05-24 21:30:33.090,699,Tipjubimicator
241,Hugh Odom,92,2014-05-24 21:30:33.090,53,Hapglibin
241,Hugh Odom,92,2014-05-24 21:30:33.090,97,Intanax
241,Hugh Odom,92,2014-05-24 21:30:33.090,332,Surcadegex
241,Hugh Odom,92,2014-05-24 21:30:33.090,196,Uptumedgantor
241,Hugh Odom,92,2014-05-24 21:30:33.090,626,Surnipar
241,Hugh Odom,92,2014-05-24 21:30:33.090,41,Zeenipin
241,Hugh Odom,92,2014-05-24 21:30:33.090,465,Emtumover
252,Yvonne Richmond,88,2014-05-16 01:19:31.490,40,Varglibplicator
252,Yvonne Richmond,88,2014-05-16 01:19:31.490,469,Parcadommover
252,Yvonne Richmond,88,2014-05-16 01:19:31.490,590,Trubanefin
252,Yvonne Richmond,88,2014-05-16 01:19:31.490,295,Tupvenupentor
252,Yvonne Richmond,88,2014-05-16 01:19:31.490,31,Hapglibefan
252,Yvonne Richmond,88,2014-05-16 01:19:31.490,550,Qwipebommistor
252,Yvonne Richmond,88,2014-05-16 01:19:31.490,882,Winrobimistor
252,Yvonne Richmond,88,2014-05-16 01:19:31.490,544,Tiprobepicator
252,Yvonne Richmond,88,2014-05-16 01:19:31.490,538,Grobanopicator
252,Yvonne Richmond,88,2014-05-16 01:19:31.490,103,Lomnipegower
252,Yvonne Richmond,88,2014-05-16 01:19:31.490,731,Qwinipexantor
252,Yvonne Richmond,88,2014-05-16 01:19:31.490,9,Indudower
252,Yvonne Richmond,88,2014-05-16 01:19:31.490,503,Rapzapexower
252,Yvonne Richmond,88,2014-05-16 01:19:31.490,376,Qwitanicator
252,Yvonne Richmond,88,2014-05-16 01:19:31.490,132,Sursapistor
277,Stacie Velez,40,2014-05-08 15:31:16.030,723,Supbanan
277,Stacie Velez,40,2014-05-08 15:31:16.030,812,Thrumunupistor
277,Stacie Velez,40,2014-05-08 15:31:16.030,470,Adsapicator
277,Stacie Velez,40,2014-05-08 15:31:16.030,321,Dopbanimor
277,Stacie Velez,40,2014-05-08 15:31:16.030,985,Adpickor
277,Stacie Velez,40,2014-05-08 15:31:16.030,644,Partanplar
277,Stacie Velez,40,2014-05-08 15:31:16.030,244,Parcadazz
285,Katherine Coleman,54,2014-05-05 20:54:07.790,484,Tupvenegar
285,Katherine Coleman,54,2014-05-05 20:54:07.790,918,Addudupentor
285,Katherine Coleman,54,2014-05-05 20:54:07.790,904,Cipdudantor
285,Katherine Coleman,54,2014-05-05 20:54:07.790,167,Qwitumicator
285,Katherine Coleman,54,2014-05-05 20:54:07.790,868,Repebar
285,Katherine Coleman,54,2014-05-05 20:54:07.790,619,NULL
285,Katherine Coleman,54,2014-05-05 20:54:07.790,494,NULL
285,Katherine Coleman,54,2014-05-05 20:54:07.790,386,Adkilamistor
296,Garry Schmitt,67,2014-05-08 21:58:07.180,181,Retinedgan
296,Garry Schmitt,67,2014-05-08 21:58:07.180,639,Invenax
296,Garry Schmitt,67,2014-05-08 21:58:07.180,388,Zeewerilentor
296,Garry Schmitt,67,2014-05-08 21:58:07.180,213,Winzapedantor
296,Garry Schmitt,67,2014-05-08 21:58:07.180,373,Adtanistor
296,Garry Schmitt,67,2014-05-08 21:58:07.180,661,Grodudantor
296,Garry Schmitt,67,2014-05-08 21:58:07.180,803,Groerin
296,Garry Schmitt,67,2014-05-08 21:58:07.180,492,Unjubackantor
296,Garry Schmitt,67,2014-05-08 21:58:07.180,721,Trupebentor
322,Evan Alexander,16,2014-05-22 11:12:16.040,607,Endfropor
322,Evan Alexander,16,2014-05-22 11:12:16.040,760,Hapsipefazz
322,Evan Alexander,16,2014-05-22 11:12:16.040,514,Montanantor
322,Evan Alexander,16,2014-05-22 11:12:16.040,971,Zeecadopicator
322,Evan Alexander,16,2014-05-22 11:12:16.040,781,Adnipower
322,Evan Alexander,16,2014-05-22 11:12:16.040,562,Rapfropor
322,Evan Alexander,16,2014-05-22 11:12:16.040,696,Monericower
322,Evan Alexander,16,2014-05-22 11:12:16.040,930,Raptanazz
322,Evan Alexander,16,2014-05-22 11:12:16.040,240,Parsipax
322,Evan Alexander,16,2014-05-22 11:12:16.040,422,Updimor
322,Evan Alexander,16,2014-05-22 11:12:16.040,135,Mondudackover
322,Evan Alexander,16,2014-05-22 11:12:16.040,11,Endnipefax
322,Evan Alexander,16,2014-05-22 11:12:16.040,841,Monfropewentor
326,Lonnie Harrison,94,2014-05-21 23:48:35.910,795,Frojubover
326,Lonnie Harrison,94,2014-05-21 23:48:35.910,356,Adquestamar
326,Lonnie Harrison,94,2014-05-21 23:48:35.910,378,Zeejubar
326,Lonnie Harrison,94,2014-05-21 23:48:35.910,878,Zeecadupan
326,Lonnie Harrison,94,2014-05-21 23:48:35.910,445,Adzapazz
334,Edith Flowers,40,2014-05-08 15:31:16.030,321,Dopbanimor
334,Edith Flowers,40,2014-05-08 15:31:16.030,985,Adpickor
334,Edith Flowers,40,2014-05-08 15:31:16.030,644,Partanplar
334,Edith Flowers,40,2014-05-08 15:31:16.030,244,Parcadazz
334,Edith Flowers,40,2014-05-08 15:31:16.030,723,Supbanan
334,Edith Flowers,40,2014-05-08 15:31:16.030,812,Thrumunupistor
334,Edith Flowers,40,2014-05-08 15:31:16.030,470,Adsapicator
337,Roxanne Guerrero,48,2014-05-20 20:26:33.730,220,Bartinedgar
337,Roxanne Guerrero,48,2014-05-20 20:26:33.730,859,Supkiledgan
337,Roxanne Guerrero,48,2014-05-20 20:26:33.730,434,Frodimollin
337,Roxanne Guerrero,48,2014-05-20 20:26:33.730,717,Winnipedower
337,Roxanne Guerrero,48,2014-05-20 20:26:33.730,927,Emjubower
337,Roxanne Guerrero,48,2014-05-20 20:26:33.730,127,Tiphupentor
337,Roxanne Guerrero,48,2014-05-20 20:26:33.730,847,Zeedudazz
353,Patrice Durham,51,2014-05-13 07:19:19.930,302,Parjubefan
353,Patrice Durham,51,2014-05-13 07:19:19.930,461,Haprobistor
353,Patrice Durham,51,2014-05-13 07:19:19.930,989,Grotinower
353,Patrice Durham,51,2014-05-13 07:19:19.930,601,Trubanin
353,Patrice Durham,51,2014-05-13 07:19:19.930,93,Zeepebopor
353,Patrice Durham,51,2014-05-13 07:19:19.930,603,Dopcadommor
353,Patrice Durham,51,2014-05-13 07:19:19.930,677,Tuptumewin
353,Patrice Durham,51,2014-05-13 07:19:19.930,147,Thruerentor
353,Patrice Durham,51,2014-05-13 07:19:19.930,441,Dopglibedgor
353,Patrice Durham,51,2014-05-13 07:19:19.930,180,Varpebicantor
353,Patrice Durham,51,2014-05-13 07:19:19.930,591,Barquestinar
374,Mandy Villa,34,2014-05-22 18:56:55.980,353,Gropebinistor
374,Mandy Villa,34,2014-05-22 18:56:55.980,992,Parglibar
374,Mandy Villa,34,2014-05-22 18:56:55.980,349,Hapjubex
374,Mandy Villa,34,2014-05-22 18:56:55.980,98,Intuman
374,Mandy Villa,34,2014-05-22 18:56:55.980,166,Trutumewower
374,Mandy Villa,34,2014-05-22 18:56:55.980,681,Emdimover
374,Mandy Villa,34,2014-05-22 18:56:55.980,792,Frokilollin
374,Mandy Villa,34,2014-05-22 18:56:55.980,922,Uncadax
374,Mandy Villa,34,2014-05-22 18:56:55.980,733,Suppebantor
374,Mandy Villa,34,2014-05-22 18:56:55.980,772,Tippickexazz
374,Mandy Villa,34,2014-05-22 18:56:55.980,348,Thruwerponower
374,Mandy Villa,34,2014-05-22 18:56:55.980,762,Surglibantor
374,Mandy Villa,34,2014-05-22 18:56:55.980,977,Hapquestower
382,Tanya Schneider,71,2014-05-14 21:21:43.750,394,Raprobommower
382,Tanya Schneider,71,2014-05-14 21:21:43.750,822,Adwerantor
382,Tanya Schneider,71,2014-05-14 21:21:43.750,224,Adpickackor
382,Tanya Schneider,71,2014-05-14 21:21:43.750,479,Monquestentor
382,Tanya Schneider,71,2014-05-14 21:21:43.750,175,Tipwerower
387,Stacey Steele,37,2014-05-25 02:27:40.460,457,Endglibupin
387,Stacey Steele,37,2014-05-25 02:27:40.460,563,Lomquestplistor
387,Stacey Steele,37,2014-05-25 02:27:40.460,686,Emdiminantor
387,Stacey Steele,37,2014-05-25 02:27:40.460,347,Inmunin
387,Stacey Steele,37,2014-05-25 02:27:40.460,526,Unfropedan
387,Stacey Steele,37,2014-05-25 02:27:40.460,647,Qwibanantor
387,Stacey Steele,37,2014-05-25 02:27:40.460,183,Monjubazz
387,Stacey Steele,37,2014-05-25 02:27:40.460,218,Inpickax
387,Stacey Steele,37,2014-05-25 02:27:40.460,161,Tipjubomman
387,Stacey Steele,37,2014-05-25 02:27:40.460,81,Rappickentor
387,Stacey Steele,37,2014-05-25 02:27:40.460,336,Lomtanedan
387,Stacey Steele,37,2014-05-25 02:27:40.460,106,Endzapantor
405,Mandi Skinner,38,2014-05-15 22:21:22.570,511,Trusipistor
405,Mandi Skinner,38,2014-05-15 22:21:22.570,962,Updudantor
405,Mandi Skinner,38,2014-05-15 22:21:22.570,299,Dopjubor
405,Mandi Skinner,38,2014-05-15 22:21:22.570,573,Injubicex
405,Mandi Skinner,38,2014-05-15 22:21:22.570,838,Uncadex
405,Mandi Skinner,38,2014-05-15 22:21:22.570,659,Endpebonex
405,Mandi Skinner,38,2014-05-15 22:21:22.570,872,Fropickentor
405,Mandi Skinner,38,2014-05-15 22:21:22.570,424,Zeemunican
405,Mandi Skinner,38,2014-05-15 22:21:22.570,809,Vardudilin
411,Dale Lopez,32,2014-05-20 13:31:17.680,403,Tipkilanan
411,Dale Lopez,32,2014-05-20 13:31:17.680,383,Barrobor
411,Dale Lopez,32,2014-05-20 13:31:17.680,531,Rehupollicator
411,Dale Lopez,32,2014-05-20 13:31:17.680,120,Dopdimollistor
411,Dale Lopez,32,2014-05-20 13:31:17.680,489,Upsapar
411,Dale Lopez,32,2014-05-20 13:31:17.680,826,Partumax
411,Dale Lopez,32,2014-05-20 13:31:17.680,488,Wintumedin
411,Dale Lopez,32,2014-05-20 13:31:17.680,701,Lomtanollar
411,Dale Lopez,32,2014-05-20 13:31:17.680,938,Frodudax
411,Dale Lopez,32,2014-05-20 13:31:17.680,777,Lomquestantor
411,Dale Lopez,32,2014-05-20 13:31:17.680,785,Endmunover
411,Dale Lopez,32,2014-05-20 13:31:17.680,91,Tipzapedgistor
423,Emily Suarez,96,2014-05-23 07:20:28.530,178,Rapdimegin
423,Emily Suarez,96,2014-05-23 07:20:28.530,565,Tipjubower
423,Emily Suarez,96,2014-05-23 07:20:28.530,931,Varjubicax
423,Emily Suarez,96,2014-05-23 07:20:28.530,90,Barbanewar
423,Emily Suarez,96,2014-05-23 07:20:28.530,310,Upzapommar
423,Emily Suarez,96,2014-05-23 07:20:28.530,597,Rapnipicator
423,Emily Suarez,96,2014-05-23 07:20:28.530,16,Barquestackicator
423,Emily Suarez,96,2014-05-23 07:20:28.530,315,Lomrobollazz
423,Emily Suarez,96,2014-05-23 07:20:28.530,883,Truvenistor
423,Emily Suarez,96,2014-05-23 07:20:28.530,268,Uptinar
423,Emily Suarez,96,2014-05-23 07:20:28.530,836,Adkilazz
457,Cathy Villegas,89,2014-05-20 21:36:00.880,116,Barhupin
457,Cathy Villegas,89,2014-05-20 21:36:00.880,657,Insapplar
457,Cathy Villegas,89,2014-05-20 21:36:00.880,239,Emkilepantor
457,Cathy Villegas,89,2014-05-20 21:36:00.880,704,Winhupefar
457,Cathy Villegas,89,2014-05-20 21:36:00.880,920,Monvenimex
457,Cathy Villegas,89,2014-05-20 21:36:00.880,673,Varjubex
457,Cathy Villegas,89,2014-05-20 21:36:00.880,188,Emtinor
457,Cathy Villegas,89,2014-05-20 21:36:00.880,640,Adfropedgor
457,Cathy Villegas,89,2014-05-20 21:36:00.880,947,Monfropanover
463,Constance Mc Dowell,42,2014-05-30 18:24:53.890,423,Untumedan
463,Constance Mc Dowell,42,2014-05-30 18:24:53.890,498,Varnipegazz
463,Constance Mc Dowell,42,2014-05-30 18:24:53.890,852,Fromunazz
463,Constance Mc Dowell,42,2014-05-30 18:24:53.890,929,Monmunican
463,Constance Mc Dowell,42,2014-05-30 18:24:53.890,104,Trukilower
463,Constance Mc Dowell,42,2014-05-30 18:24:53.890,39,Parkilin
463,Constance Mc Dowell,42,2014-05-30 18:24:53.890,808,Cipdudexor
464,Brandy Harrington,74,2014-05-06 06:45:38.250,972,Upjubistor
464,Brandy Harrington,74,2014-05-06 06:45:38.250,549,Dopnipover
464,Brandy Harrington,74,2014-05-06 06:45:38.250,750,Untumplin
464,Brandy Harrington,74,2014-05-06 06:45:38.250,646,Winweror
464,Brandy Harrington,74,2014-05-06 06:45:38.250,823,NULL
464,Brandy Harrington,74,2014-05-06 06:45:38.250,856,Emdimax
491,Alfonso Swanson,63,2014-05-21 04:52:36.560,888,Tupsapin
491,Alfonso Swanson,63,2014-05-21 04:52:36.560,19,Sursapazz
491,Alfonso Swanson,63,2014-05-21 04:52:36.560,70,Suptanedgazz
491,Alfonso Swanson,63,2014-05-21 04:52:36.560,404,Hapcadan
491,Alfonso Swanson,63,2014-05-21 04:52:36.560,949,Winnipistor
491,Alfonso Swanson,63,2014-05-21 04:52:36.560,296,Lomtinover
491,Alfonso Swanson,63,2014-05-21 04:52:36.560,438,Repebackin
491,Alfonso Swanson,63,2014-05-21 04:52:36.560,408,Supmunentor
529,Damian Flowers,84,2014-05-26 12:40:07.170,458,Qwizapexan
529,Damian Flowers,84,2014-05-26 12:40:07.170,361,Ciperopantor
529,Damian Flowers,84,2014-05-26 12:40:07.170,758,Inrobistor
529,Damian Flowers,84,2014-05-26 12:40:07.170,871,Monglibamazz
529,Damian Flowers,84,2014-05-26 12:40:07.170,327,Tipglibinentor
529,Damian Flowers,84,2014-05-26 12:40:07.170,305,Endsapaquentor
529,Damian Flowers,84,2014-05-26 12:40:07.170,6,Trudimar
529,Damian Flowers,84,2014-05-26 12:40:07.170,839,Parsapax
529,Damian Flowers,84,2014-05-26 12:40:07.170,312,Emvenin
529,Damian Flowers,84,2014-05-26 12:40:07.170,546,Emsipomman
529,Damian Flowers,84,2014-05-26 12:40:07.170,462,Trupebentor
529,Damian Flowers,84,2014-05-26 12:40:07.170,714,Lomtanepin
529,Damian Flowers,84,2014-05-26 12:40:07.170,990,Winzapinan
542,Harold Matthews,60,2014-05-10 04:14:49.320,735,Dopcadicator
542,Harold Matthews,60,2014-05-10 04:14:49.320,235,Unsipar
542,Harold Matthews,60,2014-05-10 04:14:49.320,144,Adzapegicator
542,Harold Matthews,60,2014-05-10 04:14:49.320,610,Adwerentor
542,Harold Matthews,60,2014-05-10 04:14:49.320,496,Qwipickplex
542,Harold Matthews,60,2014-05-10 04:14:49.320,728,Rapvenar
542,Harold Matthews,60,2014-05-10 04:14:49.320,324,Groerplentor
542,Harold Matthews,60,2014-05-10 04:14:49.320,687,Lomsapewower
542,Harold Matthews,60,2014-05-10 04:14:49.320,979,Rekilax
542,Harold Matthews,60,2014-05-10 04:14:49.320,222,Survenantor
542,Harold Matthews,60,2014-05-10 04:14:49.320,844,Zeehupentor
542,Harold Matthews,60,2014-05-10 04:14:49.320,160,Winmunupicator
542,Harold Matthews,60,2014-05-10 04:14:49.320,256,Intanollex
542,Harold Matthews,60,2014-05-10 04:14:49.320,911,Repickanantor
542,Harold Matthews,60,2014-05-10 04:14:49.320,616,Emtinistor
542,Harold Matthews,60,2014-05-10 04:14:49.320,3,Barnipax
542,Harold Matthews,60,2014-05-10 04:14:49.320,611,Klikilower
542,Harold Matthews,60,2014-05-10 04:14:49.320,500,Adhupadantor
542,Harold Matthews,60,2014-05-10 04:14:49.320,204,Tuppebax
542,Harold Matthews,60,2014-05-10 04:14:49.320,510,Klinipaquantor
542,Harold Matthews,60,2014-05-10 04:14:49.320,86,Supcadefan
558,Norma Lam,2,2014-05-30 13:19:50.920,958,Vardimaquin
558,Norma Lam,2,2014-05-30 13:19:50.920,564,Supwerpackor
558,Norma Lam,2,2014-05-30 13:19:50.920,761,Qwisapplicator
558,Norma Lam,2,2014-05-30 13:19:50.920,159,Klisapar
558,Norma Lam,2,2014-05-30 13:19:50.920,357,Raptumefax
558,Norma Lam,2,2014-05-30 13:19:50.920,643,Dopbanar
558,Norma Lam,2,2014-05-30 13:19:50.920,520,Tipnipepax
558,Norma Lam,2,2014-05-30 13:19:50.920,709,Tupdudicator
558,Norma Lam,2,2014-05-30 13:19:50.920,427,Wincadantor
558,Norma Lam,2,2014-05-30 13:19:50.920,523,Supfropewex
558,Norma Lam,2,2014-05-30 13:19:50.920,279,Emfropower
575,Noel Pena,30,2014-05-20 19:40:43.290,693,Surhupedover
575,Noel Pena,30,2014-05-20 19:40:43.290,225,Embanin
575,Noel Pena,30,2014-05-20 19:40:43.290,136,Raperar
575,Noel Pena,30,2014-05-20 19:40:43.290,264,Renipantor
575,Noel Pena,30,2014-05-20 19:40:43.290,689,Supquestover
575,Noel Pena,30,2014-05-20 19:40:43.290,282,Adkilegor
575,Noel Pena,30,2014-05-20 19:40:43.290,729,Zeeerentor
575,Noel Pena,30,2014-05-20 19:40:43.290,612,Cipgliban
584,Belinda Simpson,17,2014-05-03 06:40:10.250,508,Emhupollin
584,Belinda Simpson,17,2014-05-03 06:40:10.250,430,Enddimantor
584,Belinda Simpson,17,2014-05-03 06:40:10.250,118,Sursapadicator
584,Belinda Simpson,17,2014-05-03 06:40:10.250,109,Adcadanin
584,Belinda Simpson,17,2014-05-03 06:40:10.250,197,Montinan
584,Belinda Simpson,17,2014-05-03 06:40:10.250,713,Klivenedgin
584,Belinda Simpson,17,2014-05-03 06:40:10.250,575,Windudedantor
584,Belinda Simpson,17,2014-05-03 06:40:10.250,448,Rapquesticin
584,Belinda Simpson,17,2014-05-03 06:40:10.250,774,Parnipex
584,Belinda Simpson,17,2014-05-03 06:40:10.250,17,Tuprobommistor
609,Jon Mullins,100,NULL,994,Rapzapar
609,Jon Mullins,100,NULL,535,Wintinommantor
609,Jon Mullins,100,NULL,853,Parquestin
609,Jon Mullins,100,NULL,89,Grorobonover
609,Jon Mullins,100,NULL,28,Parcadegex
609,Jon Mullins,100,NULL,117,Parkilegicator
609,Jon Mullins,100,NULL,558,Unerilower
609,Jon Mullins,100,NULL,168,Innipexower
609,Jon Mullins,100,NULL,446,Unrobanan
609,Jon Mullins,100,NULL,15,Refropazz
609,Jon Mullins,100,NULL,645,Monhupex
613,Cody Arias,79,2014-05-16 11:18:21.380,291,Lomvenilower
613,Cody Arias,79,2014-05-16 11:18:21.380,247,Frocadeficator
613,Cody Arias,79,2014-05-16 11:18:21.380,831,Emsipantor
613,Cody Arias,79,2014-05-16 11:18:21.380,32,Frotumantor
613,Cody Arias,79,2014-05-16 11:18:21.380,842,Inbanonazz
613,Cody Arias,79,2014-05-16 11:18:21.380,682,Hapdimilazz
619,Joni Austin,95,2014-05-21 15:38:21.540,926,Winerar
619,Joni Austin,95,2014-05-21 15:38:21.540,692,Thrukilazz
619,Joni Austin,95,2014-05-21 15:38:21.540,737,Varvenistor
619,Joni Austin,95,2014-05-21 15:38:21.540,334,Doproban
619,Joni Austin,95,2014-05-21 15:38:21.540,905,Frohupower
619,Joni Austin,95,2014-05-21 15:38:21.540,668,Supmunor
619,Joni Austin,95,2014-05-21 15:38:21.540,221,Unfropopazz
619,Joni Austin,95,2014-05-21 15:38:21.540,983,Rapzapopex
619,Joni Austin,95,2014-05-21 15:38:21.540,830,Qwiglibplax
619,Joni Austin,95,2014-05-21 15:38:21.540,318,Emwerackicator
620,Darin Mc Knight,58,2014-05-07 19:01:49.430,171,Monjubimor
620,Darin Mc Knight,58,2014-05-07 19:01:49.430,608,Emcadackantor
620,Darin Mc Knight,58,2014-05-07 19:01:49.430,49,Adtinadicator
620,Darin Mc Knight,58,2014-05-07 19:01:49.430,660,Upnipan
620,Darin Mc Knight,58,2014-05-07 19:01:49.430,382,Truzapar
620,Darin Mc Knight,58,2014-05-07 19:01:49.430,389,Emhupan
620,Darin Mc Knight,58,2014-05-07 19:01:49.430,984,Surpebilan
620,Darin Mc Knight,58,2014-05-07 19:01:49.430,889,Thrutanor
620,Darin Mc Knight,58,2014-05-07 19:01:49.430,941,Recadplex
621,Jenny Swanson,17,2014-05-03 06:40:10.250,774,Parnipex
621,Jenny Swanson,17,2014-05-03 06:40:10.250,17,Tuprobommistor
621,Jenny Swanson,17,2014-05-03 06:40:10.250,118,Sursapadicator
621,Jenny Swanson,17,2014-05-03 06:40:10.250,109,Adcadanin
621,Jenny Swanson,17,2014-05-03 06:40:10.250,197,Montinan
621,Jenny Swanson,17,2014-05-03 06:40:10.250,713,Klivenedgin
621,Jenny Swanson,17,2014-05-03 06:40:10.250,575,Windudedantor
621,Jenny Swanson,17,2014-05-03 06:40:10.250,448,Rapquesticin
621,Jenny Swanson,17,2014-05-03 06:40:10.250,508,Emhupollin
621,Jenny Swanson,17,2014-05-03 06:40:10.250,430,Enddimantor
623,Sherri Mc Connell,76,2014-05-30 01:33:25.570,490,Wintinover
623,Sherri Mc Connell,76,2014-05-30 01:33:25.570,968,Adcadinower
623,Sherri Mc Connell,76,2014-05-30 01:33:25.570,846,Ciprobicator
623,Sherri Mc Connell,76,2014-05-30 01:33:25.570,214,Barmuninin
623,Sherri Mc Connell,76,2014-05-30 01:33:25.570,231,Unsapex
623,Sherri Mc Connell,76,2014-05-30 01:33:25.570,779,Updimor
623,Sherri Mc Connell,76,2014-05-30 01:33:25.570,593,Surweradantor
623,Sherri Mc Connell,76,2014-05-30 01:33:25.570,338,Adzapor
641,Tammy Rogers,47,2014-05-07 22:37:54.300,951,Tipquestplower
641,Tammy Rogers,47,2014-05-07 22:37:54.300,316,Revenupan
641,Tammy Rogers,47,2014-05-07 22:37:54.300,910,Adkilaquan
641,Tammy Rogers,47,2014-05-07 22:37:54.300,397,Varpickefan
641,Tammy Rogers,47,2014-05-07 22:37:54.300,143,Barcadefax
641,Tammy Rogers,47,2014-05-07 22:37:54.300,266,Incadistor
641,Tammy Rogers,47,2014-05-07 22:37:54.300,909,Grodudover
641,Tammy Rogers,47,2014-05-07 22:37:54.300,749,Grosipex
641,Tammy Rogers,47,2014-05-07 22:37:54.300,638,Doptumantor
641,Tammy Rogers,47,2014-05-07 22:37:54.300,913,Tupsipicator
657,Russell Cochran,36,2014-05-10 21:12:01.350,956,Trupickazz
657,Russell Cochran,36,2014-05-10 21:12:01.350,975,Adpickimentor
657,Russell Cochran,36,2014-05-10 21:12:01.350,654,Tupjubinax
657,Russell Cochran,36,2014-05-10 21:12:01.350,919,Upzapex
657,Russell Cochran,36,2014-05-10 21:12:01.350,21,Cipsapazz
657,Russell Cochran,36,2014-05-10 21:12:01.350,241,Enddudinover
657,Russell Cochran,36,2014-05-10 21:12:01.350,367,Unsipor
657,Russell Cochran,36,2014-05-10 21:12:01.350,401,Qwijubollantor
657,Russell Cochran,36,2014-05-10 21:12:01.350,320,Surrobedgentor
657,Russell Cochran,36,2014-05-10 21:12:01.350,60,Tipcadedgentor
671,Tabitha Hendrix,33,2014-05-25 18:30:08.670,824,Barrobazz
671,Tabitha Hendrix,33,2014-05-25 18:30:08.670,734,Fropickor
671,Tabitha Hendrix,33,2014-05-25 18:30:08.670,176,Grodimentor
671,Tabitha Hendrix,33,2014-05-25 18:30:08.670,923,Trukilar
671,Tabitha Hendrix,33,2014-05-25 18:30:08.670,420,Emdimepex
671,Tabitha Hendrix,33,2014-05-25 18:30:08.670,869,Happickilan
675,Denise Vazquez,75,2014-05-11 11:23:13.450,897,Resipentor
675,Denise Vazquez,75,2014-05-11 11:23:13.450,50,Cipquestantor
675,Denise Vazquez,75,2014-05-11 11:23:13.450,667,Cipquestplazz
675,Denise Vazquez,75,2014-05-11 11:23:13.450,248,Winhupower
675,Denise Vazquez,75,2014-05-11 11:23:13.450,954,Zeetanonicator
675,Denise Vazquez,75,2014-05-11 11:23:13.450,906,NULL
675,Denise Vazquez,75,2014-05-11 11:23:13.450,259,Grodimor
675,Denise Vazquez,75,2014-05-11 11:23:13.450,113,Supdimex
675,Denise Vazquez,75,2014-05-11 11:23:13.450,625,Reeropex
676,Dale Good,68,2014-05-13 22:04:07.060,64,Adwerpover
676,Dale Good,68,2014-05-13 22:04:07.060,986,Surzapefazz
676,Dale Good,68,2014-05-13 22:04:07.060,219,Rapbanaquentor
676,Dale Good,68,2014-05-13 22:04:07.060,881,Monkilor
676,Dale Good,68,2014-05-13 22:04:07.060,177,Rapjubantor
676,Dale Good,68,2014-05-13 22:04:07.060,253,Raptinor
676,Dale Good,68,2014-05-13 22:04:07.060,935,Superegantor
676,Dale Good,68,2014-05-13 22:04:07.060,656,Parvenicator
676,Dale Good,68,2014-05-13 22:04:07.060,377,Cipdudinin
676,Dale Good,68,2014-05-13 22:04:07.060,491,Zeetumplin
679,Denise Hodge,56,2014-05-04 10:01:43.920,319,Lomvenan
679,Denise Hodge,56,2014-05-04 10:01:43.920,119,Rapquestover
679,Denise Hodge,56,2014-05-04 10:01:43.920,456,Qwivenin
679,Denise Hodge,56,2014-05-04 10:01:43.920,51,Supdimistor
679,Denise Hodge,56,2014-05-04 10:01:43.920,35,Upfropinover
679,Denise Hodge,56,2014-05-04 10:01:43.920,584,Wintanicistor
679,Denise Hodge,52,2014-05-08 09:26:04.970,586,Unpickexover
679,Denise Hodge,52,2014-05-08 09:26:04.970,542,Zeetumollantor
679,Denise Hodge,52,2014-05-08 09:26:04.970,63,Emdimommar
679,Denise Hodge,52,2014-05-08 09:26:04.970,245,Varerin
694,Bradford Pace,17,2014-05-03 06:40:10.250,197,Montinan
694,Bradford Pace,17,2014-05-03 06:40:10.250,713,Klivenedgin
694,Bradford Pace,17,2014-05-03 06:40:10.250,575,Windudedantor
694,Bradford Pace,17,2014-05-03 06:40:10.250,448,Rapquesticin
694,Bradford Pace,17,2014-05-03 06:40:10.250,774,Parnipex
694,Bradford Pace,17,2014-05-03 06:40:10.250,17,Tuprobommistor
694,Bradford Pace,17,2014-05-03 06:40:10.250,508,Emhupollin
694,Bradford Pace,17,2014-05-03 06:40:10.250,430,Enddimantor
694,Bradford Pace,17,2014-05-03 06:40:10.250,118,Sursapadicator
694,Bradford Pace,17,2014-05-03 06:40:10.250,109,Adcadanin
739,Claude Petty,33,2014-05-25 18:30:08.670,824,Barrobazz
739,Claude Petty,33,2014-05-25 18:30:08.670,734,Fropickor
739,Claude Petty,33,2014-05-25 18:30:08.670,176,Grodimentor
739,Claude Petty,33,2014-05-25 18:30:08.670,923,Trukilar
739,Claude Petty,33,2014-05-25 18:30:08.670,420,Emdimepex
739,Claude Petty,33,2014-05-25 18:30:08.670,869,Happickilan
746,Jamie Huynh,59,2014-05-25 22:32:46.670,594,Tiptinex
746,Jamie Huynh,59,2014-05-25 22:32:46.670,476,Endtumegower
746,Jamie Huynh,59,2014-05-25 22:32:46.670,157,Grotanimin
746,Jamie Huynh,59,2014-05-25 22:32:46.670,885,Tuppickex
746,Jamie Huynh,59,2014-05-25 22:32:46.670,96,Tupjubax
746,Jamie Huynh,59,2014-05-25 22:32:46.670,886,Dopvenimentor
746,Jamie Huynh,59,2014-05-25 22:32:46.670,200,Klierantor
746,Jamie Huynh,59,2014-05-25 22:32:46.670,524,Monzapentor
746,Jamie Huynh,59,2014-05-25 22:32:46.670,121,Suptanantor
746,Jamie Huynh,59,2014-05-25 22:32:46.670,169,Thrusipover
746,Jamie Huynh,59,2014-05-25 22:32:46.670,725,Wincadower
746,Jamie Huynh,59,2014-05-25 22:32:46.670,620,Grodimistor
763,Meghan Le,10,2014-05-02 10:55:54.890,442,Qwicadedar
763,Meghan Le,10,2014-05-02 10:55:54.890,961,Bartinistor
763,Meghan Le,10,2014-05-02 10:55:54.890,551,Hapwerpistor
763,Meghan Le,10,2014-05-02 10:55:54.890,345,Pardudonentor
763,Meghan Le,10,2014-05-02 10:55:54.890,519,Unsipin
763,Meghan Le,10,2014-05-02 10:55:54.890,504,Supsapan
763,Meghan Le,10,2014-05-02 10:55:54.890,901,Monbanexor
763,Meghan Le,10,2014-05-02 10:55:54.890,631,Surjubepar
763,Meghan Le,10,2014-05-02 10:55:54.890,339,Partinamentor
763,Meghan Le,10,2014-05-02 10:55:54.890,275,Thrusapower
763,Meghan Le,10,2014-05-02 10:55:54.890,428,Unkilinistor
763,Meghan Le,10,2014-05-02 10:55:54.890,193,Vardudax
763,Meghan Le,10,2014-05-02 10:55:54.890,287,Grojubonan
763,Meghan Le,10,2014-05-02 10:55:54.890,675,Incadicax
763,Meghan Le,10,2014-05-02 10:55:54.890,301,Froglibicover
763,Meghan Le,10,2014-05-02 10:55:54.890,787,Monvenistor
763,Meghan Le,10,2014-05-02 10:55:54.890,835,Bartanepentor
763,Meghan Le,10,2014-05-02 10:55:54.890,360,Uppickex
763,Meghan Le,10,2014-05-02 10:55:54.890,543,Hapsapar
775,Karen Higgins,21,2014-05-06 19:30:08.040,288,Tupmunadar
775,Karen Higgins,21,2014-05-06 19:30:08.040,36,Monpebor
775,Karen Higgins,21,2014-05-06 19:30:08.040,209,Dopvenor
775,Karen Higgins,21,2014-05-06 19:30:08.040,966,Unsipex
775,Karen Higgins,21,2014-05-06 19:30:08.040,467,Froerimax
775,Karen Higgins,21,2014-05-06 19:30:08.040,290,Tupcadilistor
775,Karen Higgins,21,2014-05-06 19:30:08.040,85,Qwibanin
775,Karen Higgins,21,2014-05-06 19:30:08.040,346,Invenplower
775,Karen Higgins,21,2014-05-06 19:30:08.040,834,Hapjubefantor
775,Karen Higgins,21,2014-05-06 19:30:08.040,45,Emwerpollex
775,Karen Higgins,21,2014-05-06 19:30:08.040,272,Adtanor
781,Xavier Chase,45,2014-05-31 18:42:58.450,449,Enderover
781,Xavier Chase,45,2014-05-31 18:42:58.450,741,Raphupeficator
781,Xavier Chase,45,2014-05-31 18:42:58.450,995,Tipmunower
781,Xavier Chase,45,2014-05-31 18:42:58.450,396,Tupsapadax
781,Xavier Chase,45,2014-05-31 18:42:58.450,898,Grofropicor
781,Xavier Chase,45,2014-05-31 18:42:58.450,688,NULL
781,Xavier Chase,45,2014-05-31 18:42:58.450,366,Redimistor
781,Xavier Chase,45,2014-05-31 18:42:58.450,695,Dopnipan
781,Xavier Chase,45,2014-05-31 18:42:58.450,982,Suptinazz
781,Xavier Chase,45,2014-05-31 18:42:58.450,967,Zeetanadower
781,Xavier Chase,45,2014-05-31 18:42:58.450,270,Emeregistor
781,Xavier Chase,45,2014-05-31 18:42:58.450,950,Unsipicator
817,Brian Ware,56,2014-05-04 10:01:43.920,319,Lomvenan
817,Brian Ware,56,2014-05-04 10:01:43.920,119,Rapquestover
817,Brian Ware,56,2014-05-04 10:01:43.920,456,Qwivenin
817,Brian Ware,56,2014-05-04 10:01:43.920,51,Supdimistor
817,Brian Ware,56,2014-05-04 10:01:43.920,35,Upfropinover
817,Brian Ware,56,2014-05-04 10:01:43.920,584,Wintanicistor
829,Dylan Cantu,33,2014-05-25 18:30:08.670,734,Fropickor
829,Dylan Cantu,33,2014-05-25 18:30:08.670,176,Grodimentor
829,Dylan Cantu,33,2014-05-25 18:30:08.670,923,Trukilar
829,Dylan Cantu,33,2014-05-25 18:30:08.670,420,Emdimepex
829,Dylan Cantu,33,2014-05-25 18:30:08.670,869,Happickilan
829,Dylan Cantu,33,2014-05-25 18:30:08.670,824,Barrobazz
844,Yolanda Allison,32,2014-05-20 13:31:17.680,488,Wintumedin
844,Yolanda Allison,32,2014-05-20 13:31:17.680,701,Lomtanollar
844,Yolanda Allison,32,2014-05-20 13:31:17.680,938,Frodudax
844,Yolanda Allison,32,2014-05-20 13:31:17.680,777,Lomquestantor
844,Yolanda Allison,32,2014-05-20 13:31:17.680,785,Endmunover
844,Yolanda Allison,32,2014-05-20 13:31:17.680,91,Tipzapedgistor
844,Yolanda Allison,32,2014-05-20 13:31:17.680,403,Tipkilanan
844,Yolanda Allison,32,2014-05-20 13:31:17.680,383,Barrobor
844,Yolanda Allison,32,2014-05-20 13:31:17.680,531,Rehupollicator
844,Yolanda Allison,32,2014-05-20 13:31:17.680,120,Dopdimollistor
844,Yolanda Allison,32,2014-05-20 13:31:17.680,489,Upsapar
844,Yolanda Allison,32,2014-05-20 13:31:17.680,826,Partumax
851,Virginia Ortega,24,2014-05-10 09:12:12.390,851,Hapdudentor
851,Virginia Ortega,24,2014-05-10 09:12:12.390,700,Dopwerantor
851,Virginia Ortega,24,2014-05-10 09:12:12.390,145,Winrobadistor
851,Virginia Ortega,24,2014-05-10 09:12:12.390,567,Qwitumedor
851,Virginia Ortega,24,2014-05-10 09:12:12.390,771,Thruhupower
851,Virginia Ortega,24,2014-05-10 09:12:12.390,351,Supwerefover
851,Virginia Ortega,24,2014-05-10 09:12:12.390,710,Hapvenaquan
851,Virginia Ortega,24,2014-05-10 09:12:12.390,278,Cipbanupar
851,Virginia Ortega,24,2014-05-10 09:12:12.390,666,Barereficator
853,Connie Nicholson,34,2014-05-22 18:56:55.980,772,Tippickexazz
853,Connie Nicholson,34,2014-05-22 18:56:55.980,353,Gropebinistor
853,Connie Nicholson,34,2014-05-22 18:56:55.980,992,Parglibar
853,Connie Nicholson,34,2014-05-22 18:56:55.980,349,Hapjubex
853,Connie Nicholson,34,2014-05-22 18:56:55.980,792,Frokilollin
853,Connie Nicholson,34,2014-05-22 18:56:55.980,98,Intuman
853,Connie Nicholson,34,2014-05-22 18:56:55.980,977,Hapquestower
853,Connie Nicholson,34,2014-05-22 18:56:55.980,166,Trutumewower
853,Connie Nicholson,34,2014-05-22 18:56:55.980,681,Emdimover
853,Connie Nicholson,34,2014-05-22 18:56:55.980,922,Uncadax
853,Connie Nicholson,34,2014-05-22 18:56:55.980,733,Suppebantor
853,Connie Nicholson,34,2014-05-22 18:56:55.980,348,Thruwerponower
853,Connie Nicholson,34,2014-05-22 18:56:55.980,762,Surglibantor
854,Darlene Jennings,9,2014-05-27 04:35:03.430,350,Injubanicator
854,Darlene Jennings,9,2014-05-27 04:35:03.430,945,Frovenex
854,Darlene Jennings,9,2014-05-27 04:35:03.430,924,Tuptanistor
854,Darlene Jennings,9,2014-05-27 04:35:03.430,20,Parwerar
854,Darlene Jennings,9,2014-05-27 04:35:03.430,827,Inpebor
854,Darlene Jennings,9,2014-05-27 04:35:03.430,115,Emkiledicator
854,Darlene Jennings,9,2014-05-27 04:35:03.430,155,Zeebanicator
854,Darlene Jennings,9,2014-05-27 04:35:03.430,58,Thrutinaquower
854,Darlene Jennings,9,2014-05-27 04:35:03.430,306,Surrobin
854,Darlene Jennings,9,2014-05-27 04:35:03.430,534,Frovenewentor
854,Darlene Jennings,9,2014-05-27 04:35:03.430,632,Addudistor
857,Chester Hodges,31,2014-05-22 22:59:56.580,75,Thruwerpantor
857,Chester Hodges,31,2014-05-22 22:59:56.580,471,Lomtanonentor
857,Chester Hodges,31,2014-05-22 22:59:56.580,409,Emkilex
857,Chester Hodges,31,2014-05-22 22:59:56.580,74,Lompickex
857,Chester Hodges,31,2014-05-22 22:59:56.580,14,Trueriman
857,Chester Hodges,31,2014-05-22 22:59:56.580,379,Indudor
857,Chester Hodges,31,2014-05-22 22:59:56.580,691,Supzapopazz
857,Chester Hodges,31,2014-05-22 22:59:56.580,915,Endglibupentor
857,Chester Hodges,31,2014-05-22 22:59:56.580,325,Cipdudinicator
857,Chester Hodges,31,2014-05-22 22:59:56.580,234,Varnipexentor
857,Chester Hodges,31,2014-05-22 22:59:56.580,452,Embanicator
857,Chester Hodges,31,2014-05-22 22:59:56.580,908,Emzapommex
857,Chester Hodges,31,2014-05-22 22:59:56.580,486,Tipcadedgor
857,Chester Hodges,31,2014-05-22 22:59:56.580,33,Endpebefax
857,Chester Hodges,31,2014-05-22 22:59:56.580,561,Endwerpor
866,Benjamin Heath,47,2014-05-07 22:37:54.300,266,Incadistor
866,Benjamin Heath,47,2014-05-07 22:37:54.300,909,Grodudover
866,Benjamin Heath,47,2014-05-07 22:37:54.300,749,Grosipex
866,Benjamin Heath,47,2014-05-07 22:37:54.300,951,Tipquestplower
866,Benjamin Heath,47,2014-05-07 22:37:54.300,316,Revenupan
866,Benjamin Heath,47,2014-05-07 22:37:54.300,638,Doptumantor
866,Benjamin Heath,47,2014-05-07 22:37:54.300,913,Tupsipicator
866,Benjamin Heath,47,2014-05-07 22:37:54.300,910,Adkilaquan
866,Benjamin Heath,47,2014-05-07 22:37:54.300,397,Varpickefan
866,Benjamin Heath,47,2014-05-07 22:37:54.300,143,Barcadefax
873,Ted Eaton,99,2014-05-31 22:51:25.340,337,Monquestan
873,Ted Eaton,99,2014-05-31 22:51:25.340,83,Klisipackax
873,Ted Eaton,99,2014-05-31 22:51:25.340,274,Reweror
873,Ted Eaton,99,2014-05-31 22:51:25.340,804,Thrukilegar
873,Ted Eaton,99,2014-05-31 22:51:25.340,955,Lommunicin
873,Ted Eaton,99,2014-05-31 22:51:25.340,780,Lomcadin
873,Ted Eaton,99,2014-05-31 22:51:25.340,317,Surdimantor
873,Ted Eaton,99,2014-05-31 22:51:25.340,352,Partanicin
873,Ted Eaton,99,2014-05-31 22:51:25.340,685,Barcadin
873,Ted Eaton,99,2014-05-31 22:51:25.340,592,Growerower
873,Ted Eaton,99,2014-05-31 22:51:25.340,251,Qwitanaquan
873,Ted Eaton,99,2014-05-31 22:51:25.340,566,Rapdimicator
873,Ted Eaton,99,2014-05-31 22:51:25.340,447,Upkilplar
873,Ted Eaton,99,2014-05-31 22:51:25.340,440,Tuptanicar
874,John King,71,2014-05-14 21:21:43.750,394,Raprobommower
874,John King,71,2014-05-14 21:21:43.750,822,Adwerantor
874,John King,71,2014-05-14 21:21:43.750,224,Adpickackor
874,John King,71,2014-05-14 21:21:43.750,479,Monquestentor
874,John King,71,2014-05-14 21:21:43.750,175,Tipwerower
876,Kelli Johns,71,2014-05-14 21:21:43.750,224,Adpickackor
876,Kelli Johns,71,2014-05-14 21:21:43.750,479,Monquestentor
876,Kelli Johns,71,2014-05-14 21:21:43.750,175,Tipwerower
876,Kelli Johns,71,2014-05-14 21:21:43.750,394,Raprobommower
876,Kelli Johns,71,2014-05-14 21:21:43.750,822,Adwerantor
905,Scot Wiggins,37,2014-05-25 02:27:40.460,183,Monjubazz
905,Scot Wiggins,37,2014-05-25 02:27:40.460,218,Inpickax
905,Scot Wiggins,37,2014-05-25 02:27:40.460,161,Tipjubomman
905,Scot Wiggins,37,2014-05-25 02:27:40.460,81,Rappickentor
905,Scot Wiggins,37,2014-05-25 02:27:40.460,336,Lomtanedan
905,Scot Wiggins,37,2014-05-25 02:27:40.460,106,Endzapantor
905,Scot Wiggins,37,2014-05-25 02:27:40.460,457,Endglibupin
905,Scot Wiggins,37,2014-05-25 02:27:40.460,563,Lomquestplistor
905,Scot Wiggins,37,2014-05-25 02:27:40.460,686,Emdiminantor
905,Scot Wiggins,37,2014-05-25 02:27:40.460,347,Inmunin
905,Scot Wiggins,37,2014-05-25 02:27:40.460,526,Unfropedan
905,Scot Wiggins,37,2014-05-25 02:27:40.460,647,Qwibanantor
906,Crystal Dixon,77,2014-05-08 01:05:14.160,331,Surmunower
906,Crystal Dixon,77,2014-05-08 01:05:14.160,650,Doptanicator
906,Crystal Dixon,77,2014-05-08 01:05:14.160,513,Dopbanadower
906,Crystal Dixon,77,2014-05-08 01:05:14.160,71,Truvenower
906,Crystal Dixon,77,2014-05-08 01:05:14.160,342,Parquestefin
906,Crystal Dixon,77,2014-05-08 01:05:14.160,371,Wintananantor
906,Crystal Dixon,77,2014-05-08 01:05:14.160,87,Klifropimower
906,Crystal Dixon,77,2014-05-08 01:05:14.160,641,Bartuminan
906,Crystal Dixon,77,2014-05-08 01:05:14.160,786,Upzapex
906,Crystal Dixon,77,2014-05-08 01:05:14.160,606,Qwizapin
906,Crystal Dixon,77,2014-05-08 01:05:14.160,767,Reglibazz
906,Crystal Dixon,77,2014-05-08 01:05:14.160,837,Emhupexar
906,Crystal Dixon,77,2014-05-08 01:05:14.160,599,Supfropamar
906,Crystal Dixon,77,2014-05-08 01:05:14.160,784,Partanollover
906,Crystal Dixon,77,2014-05-08 01:05:14.160,583,Thrutinepover
906,Crystal Dixon,77,2014-05-08 01:05:14.160,965,Qwitinover
908,Stacie Buchanan,54,2014-05-05 20:54:07.790,494,NULL
908,Stacie Buchanan,54,2014-05-05 20:54:07.790,386,Adkilamistor
908,Stacie Buchanan,54,2014-05-05 20:54:07.790,484,Tupvenegar
908,Stacie Buchanan,54,2014-05-05 20:54:07.790,918,Addudupentor
908,Stacie Buchanan,54,2014-05-05 20:54:07.790,904,Cipdudantor
908,Stacie Buchanan,54,2014-05-05 20:54:07.790,167,Qwitumicator
908,Stacie Buchanan,54,2014-05-05 20:54:07.790,868,Repebar
908,Stacie Buchanan,54,2014-05-05 20:54:07.790,619,NULL
928,Gail Zimmerman,87,2014-05-15 13:33:51.610,126,Surkilazz
928,Gail Zimmerman,87,2014-05-15 13:33:51.610,289,Inzapantor
928,Gail Zimmerman,87,2014-05-15 13:33:51.610,718,Endpebax
928,Gail Zimmerman,87,2014-05-15 13:33:51.610,855,Varpebexicator
928,Gail Zimmerman,87,2014-05-15 13:33:51.610,974,Adwerefan
928,Gail Zimmerman,87,2014-05-15 13:33:51.610,416,Ciptinedgower
928,Gail Zimmerman,87,2014-05-15 13:33:51.610,880,Qwimunewex
928,Gail Zimmerman,87,2014-05-15 13:33:51.610,865,Frozapax
930,Lara Rhodes,87,2014-05-15 13:33:51.610,289,Inzapantor
930,Lara Rhodes,87,2014-05-15 13:33:51.610,855,Varpebexicator
930,Lara Rhodes,87,2014-05-15 13:33:51.610,974,Adwerefan
930,Lara Rhodes,87,2014-05-15 13:33:51.610,416,Ciptinedgower
930,Lara Rhodes,87,2014-05-15 13:33:51.610,880,Qwimunewex
930,Lara Rhodes,87,2014-05-15 13:33:51.610,865,Frozapax
930,Lara Rhodes,87,2014-05-15 13:33:51.610,126,Surkilazz
930,Lara Rhodes,87,2014-05-15 13:33:51.610,718,Endpebax
936,Kari Solomon,69,2014-05-23 13:30:24.670,151,Varmunamicator
936,Kari Solomon,69,2014-05-23 13:30:24.670,344,Grokilaquantor
936,Kari Solomon,69,2014-05-23 13:30:24.670,307,Barjubadistor
936,Kari Solomon,69,2014-05-23 13:30:24.670,522,Adtanegazz
936,Kari Solomon,69,2014-05-23 13:30:24.670,890,Rapwerpicator
936,Kari Solomon,69,2014-05-23 13:30:24.670,333,Thrubanantor
936,Kari Solomon,69,2014-05-23 13:30:24.670,153,Emdimonover
936,Kari Solomon,69,2014-05-23 13:30:24.670,715,Klifropimar
937,Ivan Bernard,3,2014-05-17 04:14:01.820,988,Thruquestar
937,Ivan Bernard,3,2014-05-17 04:14:01.820,602,Zeetinefistor
937,Ivan Bernard,3,2014-05-17 04:14:01.820,553,Parnipentor
937,Ivan Bernard,3,2014-05-17 04:14:01.820,512,Growerpax
937,Ivan Bernard,3,2014-05-17 04:14:01.820,152,Windimefentor
937,Ivan Bernard,3,2014-05-17 04:14:01.820,142,Trusapazz
937,Ivan Bernard,3,2014-05-17 04:14:01.820,529,Zeeweronantor
937,Ivan Bernard,3,2014-05-17 04:14:01.820,47,Tippebazz
937,Ivan Bernard,3,2014-05-17 04:14:01.820,783,Winjubistor
937,Ivan Bernard,3,2014-05-17 04:14:01.820,698,Klijubazz
937,Ivan Bernard,3,2014-05-17 04:14:01.820,633,Barfropentor
937,Ivan Bernard,3,2014-05-17 04:14:01.820,863,Rapbanimazz
937,Ivan Bernard,3,2014-05-17 04:14:01.820,712,Fropickollower
949,Abigail Garrison,80,2014-05-10 14:29:13.940,634,Winbanamower
949,Abigail Garrison,80,2014-05-10 14:29:13.940,72,Ciptinedar
949,Abigail Garrison,80,2014-05-10 14:29:13.940,100,Klifropin
949,Abigail Garrison,80,2014-05-10 14:29:13.940,630,Frorobover
949,Abigail Garrison,80,2014-05-10 14:29:13.940,263,Thrutumewor
949,Abigail Garrison,80,2014-05-10 14:29:13.940,944,Updudefex
949,Abigail Garrison,80,2014-05-10 14:29:13.940,62,Thrunipor
949,Abigail Garrison,80,2014-05-10 14:29:13.940,134,Endfropar
949,Abigail Garrison,80,2014-05-10 14:29:13.940,131,Upsapupax
963,Shelly Cannon,47,2014-05-07 22:37:54.300,143,Barcadefax
963,Shelly Cannon,47,2014-05-07 22:37:54.300,266,Incadistor
963,Shelly Cannon,47,2014-05-07 22:37:54.300,909,Grodudover
963,Shelly Cannon,47,2014-05-07 22:37:54.300,749,Grosipex
963,Shelly Cannon,47,2014-05-07 22:37:54.300,638,Doptumantor
963,Shelly Cannon,47,2014-05-07 22:37:54.300,913,Tupsipicator
963,Shelly Cannon,47,2014-05-07 22:37:54.300,951,Tipquestplower
963,Shelly Cannon,47,2014-05-07 22:37:54.300,316,Revenupan
963,Shelly Cannon,47,2014-05-07 22:37:54.300,910,Adkilaquan
963,Shelly Cannon,47,2014-05-07 22:37:54.300,397,Varpickefan
986,Tracey Griffith,33,2014-05-25 18:30:08.670,420,Emdimepex
986,Tracey Griffith,33,2014-05-25 18:30:08.670,869,Happickilan
986,Tracey Griffith,33,2014-05-25 18:30:08.670,824,Barrobazz
986,Tracey Griffith,33,2014-05-25 18:30:08.670,734,Fropickor
986,Tracey Griffith,33,2014-05-25 18:30:08.670,176,Grodimentor
986,Tracey Griffith,33,2014-05-25 18:30:08.670,923,Trukilar
999,Shaun Stephens,24,2014-05-10 09:12:12.390,567,Qwitumedor
999,Shaun Stephens,24,2014-05-10 09:12:12.390,771,Thruhupower
999,Shaun Stephens,24,2014-05-10 09:12:12.390,351,Supwerefover
999,Shaun Stephens,24,2014-05-10 09:12:12.390,710,Hapvenaquan
999,Shaun Stephens,24,2014-05-10 09:12:12.390,278,Cipbanupar
999,Shaun Stephens,24,2014-05-10 09:12:12.390,666,Barereficator
999,Shaun Stephens,24,2014-05-10 09:12:12.390,851,Hapdudentor
999,Shaun Stephens,24,2014-05-10 09:12:12.390,700,Dopwerantor
999,Shaun Stephens,24,2014-05-10 09:12:12.390,145,Winrobadistor